<?xml version="1.0" encoding="UTF-8"?>
<project version="4">
  <component name="Encoding">
    <file url="file://$PROJECT_DIR$/src/Arbol.java" charset="ISO-8859-1" />
    <file url="file://$PROJECT_DIR$/src/Cargador.java" charset="ISO-8859-1" />
    <file url="file://$PROJECT_DIR$/src/Door.java" charset="ISO-8859-1" />
    <file url="file://$PROJECT_DIR$/src/GenAleatorios.java" charset="ISO-8859-1" />
    <file url="file://$PROJECT_DIR$/src/Lannister.java" charset="ISO-8859-1" />
    <file url="file://$PROJECT_DIR$/src/Mapa.java" charset="ISO-8859-1" />
    <file url="file://$PROJECT_DIR$/src/Room.java" charset="ISO-8859-1" />
    <file url="file://$PROJECT_DIR$/src/WhiteWalkers.java" charset="ISO-8859-1" />
    <file url="file://$PROJECT_DIR$/src/llave.java" charset="ISO-8859-1" />
  </component>
</project>