<?xml version="1.0" encoding="UTF-8"?>
<project version="4">
  <component name="ArtifactsWorkspaceSettings">
    <artifacts-to-build>
      <artifact name="Mega_Proyecto:jar" />
    </artifacts-to-build>
  </component>
  <component name="ChangeListManager">
    <list default="true" id="e2ac0437-85a4-43b0-9c79-813c29888a88" name="Default" comment="" />
    <ignored path="Mega_Proyecto.iws" />
    <ignored path=".idea/workspace.xml" />
    <ignored path="$PROJECT_DIR$/out/" />
    <option name="EXCLUDED_CONVERTED_TO_IGNORED" value="true" />
    <option name="TRACKING_ENABLED" value="true" />
    <option name="SHOW_DIALOG" value="false" />
    <option name="HIGHLIGHT_CONFLICTS" value="true" />
    <option name="HIGHLIGHT_NON_ACTIVE_CHANGELIST" value="false" />
    <option name="LAST_RESOLUTION" value="IGNORE" />
  </component>
  <component name="CreatePatchCommitExecutor">
    <option name="PATCH_PATH" value="" />
  </component>
  <component name="ExecutionTargetManager" SELECTED_TARGET="default_target" />
  <component name="FavoritesManager">
    <favorites_list name="Mega_Proyecto" />
  </component>
  <component name="FileEditorManager">
    <leaf SIDE_TABS_SIZE_LIMIT_KEY="300">
      <file leaf-file-name="WhiteWalkers.java" pinned="false" current-in-tab="false">
        <entry file="file://$PROJECT_DIR$/src/WhiteWalkers.java">
          <provider selected="true" editor-type-id="text-editor">
            <state relative-caret-position="18">
              <caret line="85" column="58" selection-start-line="85" selection-start-column="58" selection-end-line="85" selection-end-column="58" />
              <folding />
            </state>
          </provider>
        </entry>
      </file>
      <file leaf-file-name="DoorTest.java" pinned="false" current-in-tab="true">
        <entry file="file://$PROJECT_DIR$/tests/DoorTest.java">
          <provider selected="true" editor-type-id="text-editor">
            <state relative-caret-position="414">
              <caret line="33" column="25" selection-start-line="33" selection-start-column="25" selection-end-line="33" selection-end-column="25" />
              <folding />
            </state>
          </provider>
        </entry>
      </file>
    </leaf>
  </component>
  <component name="FileTemplateManagerImpl">
    <option name="RECENT_TEMPLATES">
      <list>
        <option value="Class" />
        <option value="JUnit4 Test Class" />
      </list>
    </option>
  </component>
  <component name="GradleLocalSettings">
    <option name="externalProjectsViewState">
      <projects_view />
    </option>
  </component>
  <component name="IdeDocumentHistory">
    <option name="CHANGED_PATHS">
      <list>
        <option value="$PROJECT_DIR$/src/List.java" />
        <option value="/usr/lib/jvm/java-1.7.0-openjdk-amd64/jre/lib/rt.jar!/java/util/ComparableTimSort.class" />
        <option value="$PROJECT_DIR$/src/character/Lannister.java" />
        <option value="$PROJECT_DIR$/src/Cola.java" />
        <option value="$PROJECT_DIR$/src/llave.java" />
        <option value="$PROJECT_DIR$/src/Route.java" />
        <option value="$PROJECT_DIR$/src/roomVisited.java" />
        <option value="$PROJECT_DIR$/src/Grafo.java" />
        <option value="$PROJECT_DIR$/src/route_Gestion.java" />
        <option value="$PROJECT_DIR$/src/FicheroCarga.java" />
        <option value="$PROJECT_DIR$/src/Cargador.java" />
        <option value="$PROJECT_DIR$/src/Test/Test/DoorTest.java" />
        <option value="$PROJECT_DIR$/src/Test/personajeTest.java" />
        <option value="$PROJECT_DIR$/src/Test/DoorTest.java" />
        <option value="$PROJECT_DIR$/src/Test/MapaTest.java" />
        <option value="$PROJECT_DIR$/src/Test/llaveTest.java" />
        <option value="$PROJECT_DIR$/src/Arbol.java" />
        <option value="$PROJECT_DIR$/src/ClasePrincipal.java" />
        <option value="$PROJECT_DIR$/src/Door.java" />
        <option value="$PROJECT_DIR$/src/GenAleatorios.java" />
        <option value="$PROJECT_DIR$/src/Lannister.java" />
        <option value="$PROJECT_DIR$/src/personaje.java" />
        <option value="$PROJECT_DIR$/src/Room.java" />
        <option value="$PROJECT_DIR$/src/Mapa.java" />
        <option value="$PROJECT_DIR$/src/Stark.java" />
        <option value="$PROJECT_DIR$/src/Targaryen.java" />
        <option value="$PROJECT_DIR$/src/wall_Gestion.java" />
        <option value="$PROJECT_DIR$/src/WhiteWalkers.java" />
        <option value="$PROJECT_DIR$/tests/DoorTest.java" />
      </list>
    </option>
  </component>
  <component name="MavenImportPreferences">
    <option name="generalSettings">
      <MavenGeneralSettings>
        <option name="mavenHome" value="Bundled (Maven 3)" />
      </MavenGeneralSettings>
    </option>
  </component>
  <component name="ProjectFrameBounds">
    <option name="y" value="27" />
    <option name="width" value="1366" />
    <option name="height" value="741" />
  </component>
  <component name="ProjectLevelVcsManager" settingsEditedManually="false">
    <OptionsSetting value="true" id="Add" />
    <OptionsSetting value="true" id="Remove" />
    <OptionsSetting value="true" id="Checkout" />
    <OptionsSetting value="true" id="Update" />
    <OptionsSetting value="true" id="Status" />
    <OptionsSetting value="true" id="Edit" />
    <ConfirmationsSetting value="0" id="Add" />
    <ConfirmationsSetting value="0" id="Remove" />
  </component>
  <component name="ProjectView">
    <navigator currentView="ProjectPane" proportions="" version="1">
      <flattenPackages />
      <showMembers />
      <showModules />
      <showLibraryContents />
      <hideEmptyPackages />
      <abbreviatePackageNames />
      <autoscrollToSource />
      <autoscrollFromSource />
      <sortByType />
      <manualOrder />
      <foldersAlwaysOnTop value="true" />
    </navigator>
    <panes>
      <pane id="Scope" />
      <pane id="ProjectPane">
        <subPane>
          <PATH>
            <PATH_ELEMENT>
              <option name="myItemId" value="Mega_Proyecto" />
              <option name="myItemType" value="com.intellij.ide.projectView.impl.nodes.ProjectViewProjectNode" />
            </PATH_ELEMENT>
          </PATH>
          <PATH>
            <PATH_ELEMENT>
              <option name="myItemId" value="Mega_Proyecto" />
              <option name="myItemType" value="com.intellij.ide.projectView.impl.nodes.ProjectViewProjectNode" />
            </PATH_ELEMENT>
            <PATH_ELEMENT>
              <option name="myItemId" value="Mega_Proyecto" />
              <option name="myItemType" value="com.intellij.ide.projectView.impl.nodes.PsiDirectoryNode" />
            </PATH_ELEMENT>
          </PATH>
          <PATH>
            <PATH_ELEMENT>
              <option name="myItemId" value="Mega_Proyecto" />
              <option name="myItemType" value="com.intellij.ide.projectView.impl.nodes.ProjectViewProjectNode" />
            </PATH_ELEMENT>
            <PATH_ELEMENT>
              <option name="myItemId" value="Mega_Proyecto" />
              <option name="myItemType" value="com.intellij.ide.projectView.impl.nodes.PsiDirectoryNode" />
            </PATH_ELEMENT>
            <PATH_ELEMENT>
              <option name="myItemId" value="tests" />
              <option name="myItemType" value="com.intellij.ide.projectView.impl.nodes.PsiDirectoryNode" />
            </PATH_ELEMENT>
          </PATH>
          <PATH>
            <PATH_ELEMENT>
              <option name="myItemId" value="Mega_Proyecto" />
              <option name="myItemType" value="com.intellij.ide.projectView.impl.nodes.ProjectViewProjectNode" />
            </PATH_ELEMENT>
            <PATH_ELEMENT>
              <option name="myItemId" value="Mega_Proyecto" />
              <option name="myItemType" value="com.intellij.ide.projectView.impl.nodes.PsiDirectoryNode" />
            </PATH_ELEMENT>
            <PATH_ELEMENT>
              <option name="myItemId" value="src" />
              <option name="myItemType" value="com.intellij.ide.projectView.impl.nodes.PsiDirectoryNode" />
            </PATH_ELEMENT>
          </PATH>
        </subPane>
      </pane>
      <pane id="Scratches" />
      <pane id="PackagesPane" />
    </panes>
  </component>
  <component name="PropertiesComponent">
    <property name="last_opened_file_path" value="$PROJECT_DIR$/src/Test" />
    <property name="project.structure.last.edited" value="Modules" />
    <property name="project.structure.proportion" value="0.15" />
    <property name="project.structure.side.proportion" value="0.2" />
    <property name="SearchEverywhereHistoryKey" value="&#9;FILE&#9;file:///home/ivangd97/IdeaProjects/Mega_Proyecto/src/Mapa.java" />
    <property name="settings.editor.selected.configurable" value="preferences.pluginManager" />
    <property name="settings.editor.splitter.proportion" value="0.2" />
    <property name="com.intellij.testIntegration.createTest.CreateTestDialog.defaultLibrary" value="JUnit4" />
    <property name="last_directory_selection" value="$PROJECT_DIR$/src/Test" />
  </component>
  <component name="RecentsManager">
    <key name="CreateTestDialog.RecentsKey">
      <recent name="" />
    </key>
    <key name="MoveClassesOrPackagesDialog.RECENTS_KEY">
      <recent name="" />
    </key>
    <key name="CreateTestDialog.Recents.Supers">
      <recent name="" />
    </key>
    <key name="CopyFile.RECENT_KEYS">
      <recent name="$PROJECT_DIR$/src" />
    </key>
  </component>
  <component name="RunManager" selected="JUnit.DoorTest.closeDoor">
    <configuration default="false" name="ClasePrincipal" type="Application" factoryName="Application" temporary="true" nameIsGenerated="true">
      <extension name="coverage" enabled="false" merge="false" sample_coverage="true" runner="idea" />
      <option name="MAIN_CLASS_NAME" value="ClasePrincipal" />
      <option name="VM_PARAMETERS" value="" />
      <option name="PROGRAM_PARAMETERS" value="" />
      <option name="WORKING_DIRECTORY" value="file://$PROJECT_DIR$" />
      <option name="ALTERNATIVE_JRE_PATH_ENABLED" value="false" />
      <option name="ALTERNATIVE_JRE_PATH" />
      <option name="ENABLE_SWING_INSPECTOR" value="false" />
      <option name="ENV_VARIABLES" />
      <option name="PASS_PARENT_ENVS" value="true" />
      <module name="Mega_Proyecto" />
      <envs />
      <method />
    </configuration>
    <configuration default="false" name="DoorTest" type="JUnit" factoryName="JUnit" temporary="true" nameIsGenerated="true">
      <extension name="coverage" enabled="false" merge="false" sample_coverage="true" runner="idea" />
      <module name="Mega_Proyecto" />
      <option name="ALTERNATIVE_JRE_PATH_ENABLED" value="false" />
      <option name="ALTERNATIVE_JRE_PATH" />
      <option name="PACKAGE_NAME" value="" />
      <option name="MAIN_CLASS_NAME" value="DoorTest" />
      <option name="METHOD_NAME" />
      <option name="TEST_OBJECT" value="class" />
      <option name="VM_PARAMETERS" value="-ea" />
      <option name="PARAMETERS" />
      <option name="WORKING_DIRECTORY" value="$MODULE_DIR$" />
      <option name="ENV_VARIABLES" />
      <option name="PASS_PARENT_ENVS" value="true" />
      <option name="TEST_SEARCH_SCOPE">
        <value defaultName="singleModule" />
      </option>
      <envs />
      <patterns />
      <method />
    </configuration>
    <configuration default="false" name="llaveTest.get_id" type="JUnit" factoryName="JUnit" temporary="true" nameIsGenerated="true">
      <extension name="coverage" enabled="false" merge="false" sample_coverage="true" runner="idea" />
      <module name="Mega_Proyecto" />
      <option name="ALTERNATIVE_JRE_PATH_ENABLED" value="false" />
      <option name="ALTERNATIVE_JRE_PATH" />
      <option name="PACKAGE_NAME" value="" />
      <option name="MAIN_CLASS_NAME" value="llaveTest" />
      <option name="METHOD_NAME" value="get_id" />
      <option name="TEST_OBJECT" value="method" />
      <option name="VM_PARAMETERS" value="-ea" />
      <option name="PARAMETERS" />
      <option name="WORKING_DIRECTORY" value="$MODULE_DIR$" />
      <option name="ENV_VARIABLES" />
      <option name="PASS_PARENT_ENVS" value="true" />
      <option name="TEST_SEARCH_SCOPE">
        <value defaultName="singleModule" />
      </option>
      <envs />
      <patterns />
      <method />
    </configuration>
    <configuration default="false" name="llaveTest" type="JUnit" factoryName="JUnit" temporary="true" nameIsGenerated="true">
      <extension name="coverage" enabled="false" merge="false" sample_coverage="true" runner="idea" />
      <module name="Mega_Proyecto" />
      <option name="ALTERNATIVE_JRE_PATH_ENABLED" value="false" />
      <option name="ALTERNATIVE_JRE_PATH" />
      <option name="PACKAGE_NAME" value="" />
      <option name="MAIN_CLASS_NAME" value="llaveTest" />
      <option name="METHOD_NAME" />
      <option name="TEST_OBJECT" value="class" />
      <option name="VM_PARAMETERS" value="-ea" />
      <option name="PARAMETERS" />
      <option name="WORKING_DIRECTORY" value="$MODULE_DIR$" />
      <option name="ENV_VARIABLES" />
      <option name="PASS_PARENT_ENVS" value="true" />
      <option name="TEST_SEARCH_SCOPE">
        <value defaultName="singleModule" />
      </option>
      <envs />
      <patterns />
      <method />
    </configuration>
    <configuration default="false" name="DoorTest.closeDoor" type="JUnit" factoryName="JUnit" temporary="true" nameIsGenerated="true">
      <extension name="coverage" enabled="false" merge="false" sample_coverage="true" runner="idea" />
      <module name="Mega_Proyecto" />
      <option name="ALTERNATIVE_JRE_PATH_ENABLED" value="false" />
      <option name="ALTERNATIVE_JRE_PATH" />
      <option name="PACKAGE_NAME" value="" />
      <option name="MAIN_CLASS_NAME" value="DoorTest" />
      <option name="METHOD_NAME" value="closeDoor" />
      <option name="TEST_OBJECT" value="method" />
      <option name="VM_PARAMETERS" value="-ea" />
      <option name="PARAMETERS" />
      <option name="WORKING_DIRECTORY" value="$MODULE_DIR$" />
      <option name="ENV_VARIABLES" />
      <option name="PASS_PARENT_ENVS" value="true" />
      <option name="TEST_SEARCH_SCOPE">
        <value defaultName="singleModule" />
      </option>
      <envs />
      <patterns />
      <method />
    </configuration>
    <configuration default="true" type="#org.jetbrains.idea.devkit.run.PluginConfigurationType" factoryName="Plugin">
      <module name="" />
      <option name="VM_PARAMETERS" value="-Xmx512m -Xms256m -XX:MaxPermSize=250m -ea" />
      <option name="PROGRAM_PARAMETERS" />
      <method />
    </configuration>
    <configuration default="true" type="AndroidRunConfigurationType" factoryName="Android Application">
      <module name="" />
      <option name="DEPLOY" value="true" />
      <option name="ARTIFACT_NAME" value="" />
      <option name="PM_INSTALL_OPTIONS" value="" />
      <option name="ACTIVITY_EXTRA_FLAGS" value="" />
      <option name="MODE" value="default_activity" />
      <option name="TARGET_SELECTION_MODE" value="SHOW_DIALOG" />
      <option name="PREFERRED_AVD" value="" />
      <option name="CLEAR_LOGCAT" value="false" />
      <option name="SHOW_LOGCAT_AUTOMATICALLY" value="true" />
      <option name="SKIP_NOOP_APK_INSTALLATIONS" value="true" />
      <option name="FORCE_STOP_RUNNING_APP" value="true" />
      <option name="DEBUGGER_TYPE" value="Java" />
      <option name="USE_LAST_SELECTED_DEVICE" value="false" />
      <option name="PREFERRED_AVD" value="" />
      <Java />
      <Profilers>
        <option name="GAPID_DISABLE_PCS" value="false" />
      </Profilers>
      <option name="DEEP_LINK" value="" />
      <option name="ACTIVITY_CLASS" value="" />
      <method />
    </configuration>
    <configuration default="true" type="AndroidTestRunConfigurationType" factoryName="Android Tests">
      <module name="" />
      <option name="TESTING_TYPE" value="0" />
      <option name="INSTRUMENTATION_RUNNER_CLASS" value="" />
      <option name="METHOD_NAME" value="" />
      <option name="CLASS_NAME" value="" />
      <option name="PACKAGE_NAME" value="" />
      <option name="EXTRA_OPTIONS" value="" />
      <option name="TARGET_SELECTION_MODE" value="SHOW_DIALOG" />
      <option name="PREFERRED_AVD" value="" />
      <option name="CLEAR_LOGCAT" value="false" />
      <option name="SHOW_LOGCAT_AUTOMATICALLY" value="true" />
      <option name="SKIP_NOOP_APK_INSTALLATIONS" value="true" />
      <option name="FORCE_STOP_RUNNING_APP" value="true" />
      <option name="DEBUGGER_TYPE" value="Java" />
      <option name="USE_LAST_SELECTED_DEVICE" value="false" />
      <option name="PREFERRED_AVD" value="" />
      <Java />
      <Profilers>
        <option name="GAPID_DISABLE_PCS" value="false" />
      </Profilers>
      <method />
    </configuration>
    <configuration default="true" type="Applet" factoryName="Applet">
      <option name="HTML_USED" value="false" />
      <option name="WIDTH" value="400" />
      <option name="HEIGHT" value="300" />
      <option name="POLICY_FILE" value="$APPLICATION_HOME_DIR$/bin/appletviewer.policy" />
      <module />
      <method />
    </configuration>
    <configuration default="true" type="Application" factoryName="Application">
      <extension name="coverage" enabled="false" merge="false" sample_coverage="true" runner="idea" />
      <option name="MAIN_CLASS_NAME" />
      <option name="VM_PARAMETERS" />
      <option name="PROGRAM_PARAMETERS" />
      <option name="WORKING_DIRECTORY" value="$PROJECT_DIR$" />
      <option name="ALTERNATIVE_JRE_PATH_ENABLED" value="false" />
      <option name="ALTERNATIVE_JRE_PATH" />
      <option name="ENABLE_SWING_INSPECTOR" value="false" />
      <option name="ENV_VARIABLES" />
      <option name="PASS_PARENT_ENVS" value="true" />
      <module name="" />
      <envs />
      <method />
    </configuration>
    <configuration default="true" type="GradleRunConfiguration" factoryName="Gradle">
      <ExternalSystemSettings>
        <option name="executionName" />
        <option name="externalProjectPath" />
        <option name="externalSystemIdString" value="GRADLE" />
        <option name="scriptParameters" />
        <option name="taskDescriptions">
          <list />
        </option>
        <option name="taskNames">
          <list />
        </option>
        <option name="vmOptions" />
      </ExternalSystemSettings>
      <method />
    </configuration>
    <configuration default="true" type="JUnit" factoryName="JUnit">
      <extension name="coverage" enabled="false" merge="false" sample_coverage="true" runner="idea" />
      <module name="" />
      <option name="ALTERNATIVE_JRE_PATH_ENABLED" value="false" />
      <option name="ALTERNATIVE_JRE_PATH" />
      <option name="PACKAGE_NAME" />
      <option name="MAIN_CLASS_NAME" />
      <option name="METHOD_NAME" />
      <option name="TEST_OBJECT" value="class" />
      <option name="VM_PARAMETERS" value="-ea" />
      <option name="PARAMETERS" />
      <option name="WORKING_DIRECTORY" value="$MODULE_DIR$" />
      <option name="ENV_VARIABLES" />
      <option name="PASS_PARENT_ENVS" value="true" />
      <option name="TEST_SEARCH_SCOPE">
        <value defaultName="singleModule" />
      </option>
      <envs />
      <patterns />
      <method />
    </configuration>
    <configuration default="true" type="JUnitTestDiscovery" factoryName="JUnit Test Discovery" changeList="All">
      <extension name="coverage" enabled="false" merge="false" sample_coverage="true" runner="idea" />
      <module name="" />
      <option name="ALTERNATIVE_JRE_PATH_ENABLED" value="false" />
      <option name="ALTERNATIVE_JRE_PATH" />
      <option name="PACKAGE_NAME" />
      <option name="MAIN_CLASS_NAME" />
      <option name="METHOD_NAME" />
      <option name="TEST_OBJECT" value="class" />
      <option name="VM_PARAMETERS" />
      <option name="PARAMETERS" />
      <option name="WORKING_DIRECTORY" />
      <option name="ENV_VARIABLES" />
      <option name="PASS_PARENT_ENVS" value="true" />
      <option name="TEST_SEARCH_SCOPE">
        <value defaultName="singleModule" />
      </option>
      <envs />
      <patterns />
      <method />
    </configuration>
    <configuration default="true" type="JarApplication" factoryName="JAR Application">
      <extension name="coverage" enabled="false" merge="false" sample_coverage="true" runner="idea" />
      <envs />
      <method />
    </configuration>
    <configuration default="true" type="Java Scratch" factoryName="Java Scratch">
      <extension name="coverage" enabled="false" merge="false" sample_coverage="true" runner="idea" />
      <option name="SCRATCH_FILE_ID" value="0" />
      <option name="MAIN_CLASS_NAME" />
      <option name="VM_PARAMETERS" />
      <option name="PROGRAM_PARAMETERS" />
      <option name="WORKING_DIRECTORY" />
      <option name="ALTERNATIVE_JRE_PATH_ENABLED" value="false" />
      <option name="ALTERNATIVE_JRE_PATH" />
      <option name="ENABLE_SWING_INSPECTOR" value="false" />
      <option name="ENV_VARIABLES" />
      <option name="PASS_PARENT_ENVS" value="true" />
      <module name="" />
      <envs />
      <method />
    </configuration>
    <configuration default="true" type="JetRunConfigurationType" factoryName="Kotlin">
      <extension name="coverage" enabled="false" merge="false" sample_coverage="true" runner="idea" />
      <option name="MAIN_CLASS_NAME" />
      <option name="VM_PARAMETERS" />
      <option name="PROGRAM_PARAMETERS" />
      <option name="WORKING_DIRECTORY" />
      <option name="ALTERNATIVE_JRE_PATH_ENABLED" value="false" />
      <option name="ALTERNATIVE_JRE_PATH" />
      <option name="PASS_PARENT_ENVS" value="true" />
      <module name="Mega_Proyecto" />
      <envs />
      <method />
    </configuration>
    <configuration default="true" type="KotlinStandaloneScriptRunConfigurationType" factoryName="Kotlin script">
      <extension name="coverage" enabled="false" merge="false" sample_coverage="true" runner="idea" />
      <option name="filePath" />
      <option name="vmParameters" />
      <option name="alternativeJrePath" />
      <option name="programParameters" />
      <option name="passParentEnvs" value="true" />
      <option name="workingDirectory" />
      <option name="isAlternativeJrePathEnabled" value="false" />
      <envs />
      <method />
    </configuration>
    <configuration default="true" type="Remote" factoryName="Remote">
      <option name="USE_SOCKET_TRANSPORT" value="true" />
      <option name="SERVER_MODE" value="false" />
      <option name="SHMEM_ADDRESS" value="javadebug" />
      <option name="HOST" value="localhost" />
      <option name="PORT" value="5005" />
      <method />
    </configuration>
    <configuration default="true" type="TestNG" factoryName="TestNG">
      <extension name="coverage" enabled="false" merge="false" sample_coverage="true" runner="idea" />
      <module name="" />
      <option name="ALTERNATIVE_JRE_PATH_ENABLED" value="false" />
      <option name="ALTERNATIVE_JRE_PATH" />
      <option name="SUITE_NAME" />
      <option name="PACKAGE_NAME" />
      <option name="MAIN_CLASS_NAME" />
      <option name="METHOD_NAME" />
      <option name="GROUP_NAME" />
      <option name="TEST_OBJECT" value="CLASS" />
      <option name="VM_PARAMETERS" value="-ea" />
      <option name="PARAMETERS" />
      <option name="WORKING_DIRECTORY" value="$MODULE_DIR$" />
      <option name="OUTPUT_DIRECTORY" />
      <option name="ANNOTATION_TYPE" />
      <option name="ENV_VARIABLES" />
      <option name="PASS_PARENT_ENVS" value="true" />
      <option name="TEST_SEARCH_SCOPE">
        <value defaultName="singleModule" />
      </option>
      <option name="USE_DEFAULT_REPORTERS" value="false" />
      <option name="PROPERTIES_FILE" />
      <envs />
      <properties />
      <listeners />
      <method />
    </configuration>
    <configuration default="true" type="TestNGTestDiscovery" factoryName="TestNG Test Discovery" changeList="All">
      <extension name="coverage" enabled="false" merge="false" sample_coverage="true" runner="idea" />
      <module name="" />
      <option name="ALTERNATIVE_JRE_PATH_ENABLED" value="false" />
      <option name="ALTERNATIVE_JRE_PATH" />
      <option name="SUITE_NAME" />
      <option name="PACKAGE_NAME" />
      <option name="MAIN_CLASS_NAME" />
      <option name="METHOD_NAME" />
      <option name="GROUP_NAME" />
      <option name="TEST_OBJECT" value="CLASS" />
      <option name="VM_PARAMETERS" />
      <option name="PARAMETERS" />
      <option name="WORKING_DIRECTORY" />
      <option name="OUTPUT_DIRECTORY" />
      <option name="ANNOTATION_TYPE" />
      <option name="ENV_VARIABLES" />
      <option name="PASS_PARENT_ENVS" value="true" />
      <option name="TEST_SEARCH_SCOPE">
        <value defaultName="singleModule" />
      </option>
      <option name="USE_DEFAULT_REPORTERS" value="false" />
      <option name="PROPERTIES_FILE" />
      <envs />
      <properties />
      <listeners />
      <method />
    </configuration>
    <list size="5">
      <item index="0" class="java.lang.String" itemvalue="Application.ClasePrincipal" />
      <item index="1" class="java.lang.String" itemvalue="JUnit.DoorTest" />
      <item index="2" class="java.lang.String" itemvalue="JUnit.llaveTest.get_id" />
      <item index="3" class="java.lang.String" itemvalue="JUnit.llaveTest" />
      <item index="4" class="java.lang.String" itemvalue="JUnit.DoorTest.closeDoor" />
    </list>
    <recent_temporary>
      <list size="5">
        <item index="0" class="java.lang.String" itemvalue="JUnit.DoorTest.closeDoor" />
        <item index="1" class="java.lang.String" itemvalue="Application.ClasePrincipal" />
        <item index="2" class="java.lang.String" itemvalue="JUnit.DoorTest" />
        <item index="3" class="java.lang.String" itemvalue="JUnit.llaveTest" />
        <item index="4" class="java.lang.String" itemvalue="JUnit.llaveTest.get_id" />
      </list>
    </recent_temporary>
  </component>
  <component name="ShelveChangesManager" show_recycled="false">
    <option name="remove_strategy" value="false" />
  </component>
  <component name="TaskManager">
    <task active="true" id="Default" summary="Default task">
      <changelist id="e2ac0437-85a4-43b0-9c79-813c29888a88" name="Default" comment="" />
      <created>1476653545850</created>
      <option name="number" value="Default" />
      <option name="presentableId" value="Default" />
      <updated>1476653545850</updated>
    </task>
    <servers />
  </component>
  <component name="TestHistory">
    <history-entry file="DoorTest_closeDoor - 2017.01.22 at 12h 38m 35s.xml">
      <configuration name="DoorTest.closeDoor" configurationId="JUnit" />
    </history-entry>
  </component>
  <component name="ToolWindowManager">
    <frame x="0" y="27" width="1366" height="741" extended-state="6" />
    <editor active="true" />
    <layout>
      <window_info id="Palette" active="false" anchor="right" auto_hide="false" internal_type="DOCKED" type="DOCKED" visible="false" show_stripe_button="true" weight="0.33" sideWeight="0.5" order="3" side_tool="false" content_ui="tabs" />
      <window_info id="TODO" active="false" anchor="bottom" auto_hide="false" internal_type="DOCKED" type="DOCKED" visible="false" show_stripe_button="true" weight="0.33" sideWeight="0.5" order="6" side_tool="false" content_ui="tabs" />
      <window_info id="Messages" active="false" anchor="bottom" auto_hide="false" internal_type="DOCKED" type="DOCKED" visible="false" show_stripe_button="true" weight="0.3290735" sideWeight="0.5" order="7" side_tool="false" content_ui="tabs" />
      <window_info id="Palette&#9;" active="false" anchor="left" auto_hide="false" internal_type="DOCKED" type="DOCKED" visible="false" show_stripe_button="true" weight="0.33" sideWeight="0.5" order="2" side_tool="false" content_ui="tabs" />
      <window_info id="Capture Analysis" active="false" anchor="right" auto_hide="false" internal_type="DOCKED" type="DOCKED" visible="false" show_stripe_button="true" weight="0.33" sideWeight="0.5" order="3" side_tool="false" content_ui="tabs" />
      <window_info id="Event Log" active="false" anchor="bottom" auto_hide="false" internal_type="DOCKED" type="DOCKED" visible="false" show_stripe_button="true" weight="0.33" sideWeight="0.5" order="7" side_tool="true" content_ui="tabs" />
      <window_info id="Maven Projects" active="false" anchor="right" auto_hide="false" internal_type="DOCKED" type="DOCKED" visible="false" show_stripe_button="true" weight="0.33" sideWeight="0.5" order="3" side_tool="false" content_ui="tabs" />
      <window_info id="Run" active="false" anchor="bottom" auto_hide="false" internal_type="DOCKED" type="DOCKED" visible="true" show_stripe_button="true" weight="0.3290735" sideWeight="0.5" order="2" side_tool="false" content_ui="tabs" />
      <window_info id="Version Control" active="false" anchor="bottom" auto_hide="false" internal_type="DOCKED" type="DOCKED" visible="false" show_stripe_button="true" weight="0.33" sideWeight="0.5" order="7" side_tool="false" content_ui="tabs" />
      <window_info id="Terminal" active="false" anchor="bottom" auto_hide="false" internal_type="DOCKED" type="DOCKED" visible="false" show_stripe_button="true" weight="0.3290735" sideWeight="0.5" order="7" side_tool="false" content_ui="tabs" />
      <window_info id="Capture Tool" active="false" anchor="left" auto_hide="false" internal_type="DOCKED" type="DOCKED" visible="false" show_stripe_button="true" weight="0.33" sideWeight="0.5" order="2" side_tool="false" content_ui="tabs" />
      <window_info id="Designer" active="false" anchor="right" auto_hide="false" internal_type="DOCKED" type="DOCKED" visible="false" show_stripe_button="true" weight="0.33" sideWeight="0.5" order="3" side_tool="false" content_ui="tabs" />
      <window_info id="Project" active="false" anchor="left" auto_hide="false" internal_type="DOCKED" type="DOCKED" visible="true" show_stripe_button="true" weight="0.24158126" sideWeight="0.5" order="0" side_tool="false" content_ui="combo" />
      <window_info id="Structure" active="false" anchor="left" auto_hide="false" internal_type="DOCKED" type="DOCKED" visible="false" show_stripe_button="true" weight="0.25" sideWeight="0.5" order="1" side_tool="false" content_ui="tabs" />
      <window_info id="Ant Build" active="false" anchor="right" auto_hide="false" internal_type="DOCKED" type="DOCKED" visible="false" show_stripe_button="true" weight="0.25" sideWeight="0.5" order="1" side_tool="false" content_ui="tabs" />
      <window_info id="UI Designer" active="false" anchor="left" auto_hide="false" internal_type="DOCKED" type="DOCKED" visible="false" show_stripe_button="true" weight="0.33" sideWeight="0.5" order="2" side_tool="false" content_ui="tabs" />
      <window_info id="Debug" active="false" anchor="bottom" auto_hide="false" internal_type="DOCKED" type="DOCKED" visible="false" show_stripe_button="true" weight="0.399361" sideWeight="0.5" order="3" side_tool="false" content_ui="tabs" />
      <window_info id="Favorites" active="false" anchor="left" auto_hide="false" internal_type="DOCKED" type="DOCKED" visible="false" show_stripe_button="true" weight="0.33" sideWeight="0.5" order="2" side_tool="true" content_ui="tabs" />
      <window_info id="Cvs" active="false" anchor="bottom" auto_hide="false" internal_type="DOCKED" type="DOCKED" visible="false" show_stripe_button="true" weight="0.25" sideWeight="0.5" order="4" side_tool="false" content_ui="tabs" />
      <window_info id="Message" active="false" anchor="bottom" auto_hide="false" internal_type="DOCKED" type="DOCKED" visible="false" show_stripe_button="true" weight="0.33" sideWeight="0.5" order="0" side_tool="false" content_ui="tabs" />
      <window_info id="Commander" active="false" anchor="right" auto_hide="false" internal_type="DOCKED" type="DOCKED" visible="false" show_stripe_button="true" weight="0.4" sideWeight="0.5" order="0" side_tool="false" content_ui="tabs" />
      <window_info id="Inspection" active="false" anchor="bottom" auto_hide="false" internal_type="DOCKED" type="DOCKED" visible="false" show_stripe_button="true" weight="0.4" sideWeight="0.5" order="5" side_tool="false" content_ui="tabs" />
      <window_info id="Hierarchy" active="false" anchor="right" auto_hide="false" internal_type="DOCKED" type="DOCKED" visible="false" show_stripe_button="true" weight="0.25" sideWeight="0.5" order="2" side_tool="false" content_ui="combo" />
      <window_info id="Find" active="false" anchor="bottom" auto_hide="false" internal_type="DOCKED" type="DOCKED" visible="false" show_stripe_button="true" weight="0.3290735" sideWeight="0.5" order="1" side_tool="false" content_ui="tabs" />
    </layout>
    <layout-to-restore>
      <window_info id="Palette" active="false" anchor="right" auto_hide="false" internal_type="DOCKED" type="DOCKED" visible="false" show_stripe_button="true" weight="0.33" sideWeight="0.5" order="3" side_tool="false" content_ui="tabs" />
      <window_info id="TODO" active="false" anchor="bottom" auto_hide="false" internal_type="DOCKED" type="DOCKED" visible="false" show_stripe_button="true" weight="0.33" sideWeight="0.5" order="6" side_tool="false" content_ui="tabs" />
      <window_info id="Cvs" active="false" anchor="bottom" auto_hide="false" internal_type="DOCKED" type="DOCKED" visible="false" show_stripe_button="true" weight="0.25" sideWeight="0.5" order="4" side_tool="false" content_ui="tabs" />
      <window_info id="Messages" active="false" anchor="bottom" auto_hide="false" internal_type="DOCKED" type="DOCKED" visible="false" show_stripe_button="true" weight="0.3290735" sideWeight="0.5" order="7" side_tool="false" content_ui="tabs" />
      <window_info id="Message" active="false" anchor="bottom" auto_hide="false" internal_type="DOCKED" type="DOCKED" visible="false" show_stripe_button="true" weight="0.33" sideWeight="0.5" order="0" side_tool="false" content_ui="tabs" />
      <window_info id="Palette&#9;" active="false" anchor="left" auto_hide="false" internal_type="DOCKED" type="DOCKED" visible="false" show_stripe_button="true" weight="0.33" sideWeight="0.5" order="2" side_tool="false" content_ui="tabs" />
      <window_info id="Commander" active="false" anchor="right" auto_hide="false" internal_type="DOCKED" type="DOCKED" visible="false" show_stripe_button="true" weight="0.4" sideWeight="0.5" order="0" side_tool="false" content_ui="tabs" />
      <window_info id="Capture Analysis" active="false" anchor="right" auto_hide="false" internal_type="DOCKED" type="DOCKED" visible="false" show_stripe_button="true" weight="0.33" sideWeight="0.5" order="4" side_tool="false" content_ui="tabs" />
      <window_info id="Event Log" active="false" anchor="bottom" auto_hide="false" internal_type="DOCKED" type="DOCKED" visible="false" show_stripe_button="true" weight="0.33" sideWeight="0.5" order="8" side_tool="true" content_ui="tabs" />
      <window_info id="Maven Projects" active="false" anchor="right" auto_hide="false" internal_type="DOCKED" type="DOCKED" visible="false" show_stripe_button="true" weight="0.33" sideWeight="0.5" order="5" side_tool="false" content_ui="tabs" />
      <window_info id="Inspection" active="false" anchor="bottom" auto_hide="false" internal_type="DOCKED" type="DOCKED" visible="false" show_stripe_button="true" weight="0.4" sideWeight="0.5" order="5" side_tool="false" content_ui="tabs" />
      <window_info id="Run" active="false" anchor="bottom" auto_hide="false" internal_type="DOCKED" type="DOCKED" visible="false" show_stripe_button="true" weight="0.3290735" sideWeight="0.5" order="2" side_tool="false" content_ui="tabs" />
      <window_info id="Version Control" active="false" anchor="bottom" auto_hide="false" internal_type="DOCKED" type="DOCKED" visible="false" show_stripe_button="true" weight="0.33" sideWeight="0.5" order="9" side_tool="false" content_ui="tabs" />
      <window_info id="Terminal" active="false" anchor="bottom" auto_hide="false" internal_type="DOCKED" type="DOCKED" visible="false" show_stripe_button="true" weight="0.33" sideWeight="0.5" order="10" side_tool="false" content_ui="tabs" />
      <window_info id="Capture Tool" active="false" anchor="left" auto_hide="false" internal_type="DOCKED" type="DOCKED" visible="false" show_stripe_button="true" weight="0.33" sideWeight="0.5" order="3" side_tool="false" content_ui="tabs" />
      <window_info id="Designer" active="false" anchor="right" auto_hide="false" internal_type="DOCKED" type="DOCKED" visible="false" show_stripe_button="true" weight="0.33" sideWeight="0.5" order="6" side_tool="false" content_ui="tabs" />
      <window_info id="Project" active="false" anchor="left" auto_hide="false" internal_type="DOCKED" type="DOCKED" visible="true" show_stripe_button="true" weight="0.24158126" sideWeight="0.5" order="0" side_tool="false" content_ui="combo" />
      <window_info id="Hierarchy" active="false" anchor="right" auto_hide="false" internal_type="DOCKED" type="DOCKED" visible="false" show_stripe_button="true" weight="0.25" sideWeight="0.5" order="2" side_tool="false" content_ui="combo" />
      <window_info id="Find" active="false" anchor="bottom" auto_hide="false" internal_type="DOCKED" type="DOCKED" visible="false" show_stripe_button="true" weight="0.3290735" sideWeight="0.5" order="1" side_tool="false" content_ui="tabs" />
      <window_info id="Structure" active="false" anchor="left" auto_hide="false" internal_type="DOCKED" type="DOCKED" visible="false" show_stripe_button="true" weight="0.25" sideWeight="0.5" order="1" side_tool="false" content_ui="tabs" />
      <window_info id="Ant Build" active="false" anchor="right" auto_hide="false" internal_type="DOCKED" type="DOCKED" visible="false" show_stripe_button="true" weight="0.25" sideWeight="0.5" order="1" side_tool="false" content_ui="tabs" />
      <window_info id="UI Designer" active="false" anchor="left" auto_hide="false" internal_type="DOCKED" type="DOCKED" visible="false" show_stripe_button="true" weight="0.33" sideWeight="0.5" order="4" side_tool="false" content_ui="tabs" />
      <window_info id="Debug" active="false" anchor="bottom" auto_hide="false" internal_type="DOCKED" type="DOCKED" visible="false" show_stripe_button="true" weight="0.399361" sideWeight="0.5" order="3" side_tool="false" content_ui="tabs" />
      <window_info id="Favorites" active="false" anchor="left" auto_hide="false" internal_type="DOCKED" type="DOCKED" visible="false" show_stripe_button="true" weight="0.33" sideWeight="0.5" order="5" side_tool="true" content_ui="tabs" />
    </layout-to-restore>
  </component>
  <component name="Vcs.Log.UiProperties">
    <option name="RECENTLY_FILTERED_USER_GROUPS">
      <collection />
    </option>
    <option name="RECENTLY_FILTERED_BRANCH_GROUPS">
      <collection />
    </option>
  </component>
  <component name="VcsContentAnnotationSettings">
    <option name="myLimit" value="2678400000" />
  </component>
  <component name="XDebuggerManager">
    <breakpoint-manager>
      <breakpoints-dialog>
        <breakpoints-dialog />
      </breakpoints-dialog>
      <option name="time" value="26" />
    </breakpoint-manager>
    <watches-manager />
  </component>
  <component name="antWorkspaceConfiguration">
    <option name="IS_AUTOSCROLL_TO_SOURCE" value="false" />
    <option name="FILTER_TARGETS" value="false" />
  </component>
  <component name="editorHistoryManager">
    <entry file="file://$PROJECT_DIR$/src/Mapa.java">
      <provider selected="true" editor-type-id="text-editor">
        <state relative-caret-position="1152">
          <caret line="64" column="5" selection-start-line="64" selection-start-column="5" selection-end-line="64" selection-end-column="5" />
          <folding />
        </state>
      </provider>
    </entry>
    <entry file="file://$PROJECT_DIR$/src/Stark.java">
      <provider selected="true" editor-type-id="text-editor">
        <state relative-caret-position="18">
          <caret line="1" column="13" selection-start-line="1" selection-start-column="13" selection-end-line="1" selection-end-column="13" />
          <folding />
        </state>
      </provider>
    </entry>
    <entry file="file://$PROJECT_DIR$/src/personaje.java">
      <provider selected="true" editor-type-id="text-editor">
        <state relative-caret-position="306">
          <caret line="18" column="27" selection-start-line="18" selection-start-column="8" selection-end-line="18" selection-end-column="27" />
          <folding>
            <element signature="imports" expanded="true" />
          </folding>
        </state>
      </provider>
    </entry>
    <entry file="file://$PROJECT_DIR$/src/llave.java">
      <provider selected="true" editor-type-id="text-editor">
        <state relative-caret-position="648">
          <caret line="42" column="1" selection-start-line="42" selection-start-column="1" selection-end-line="42" selection-end-column="1" />
        </state>
      </provider>
    </entry>
    <entry file="file://$PROJECT_DIR$/src/Arbol.java">
      <provider selected="true" editor-type-id="text-editor">
        <state relative-caret-position="0">
          <caret line="0" column="0" selection-start-line="0" selection-start-column="0" selection-end-line="0" selection-end-column="0" />
        </state>
      </provider>
    </entry>
    <entry file="file://$PROJECT_DIR$/src/Door.java">
      <provider selected="true" editor-type-id="text-editor">
        <state relative-caret-position="288">
          <caret line="16" column="28" selection-start-line="16" selection-start-column="28" selection-end-line="16" selection-end-column="35" />
        </state>
      </provider>
    </entry>
    <entry file="file://$PROJECT_DIR$/src/Mapa.java">
      <provider selected="true" editor-type-id="text-editor">
        <state relative-caret-position="1152">
          <caret line="64" column="5" selection-start-line="64" selection-start-column="5" selection-end-line="64" selection-end-column="5" />
          <folding />
        </state>
      </provider>
    </entry>
    <entry file="file://$PROJECT_DIR$/src/Stark.java">
      <provider selected="true" editor-type-id="text-editor">
        <state relative-caret-position="18">
          <caret line="1" column="13" selection-start-line="1" selection-start-column="13" selection-end-line="1" selection-end-column="13" />
          <folding />
        </state>
      </provider>
    </entry>
    <entry file="file://$PROJECT_DIR$/src/personaje.java">
      <provider selected="true" editor-type-id="text-editor">
        <state relative-caret-position="306">
          <caret line="18" column="27" selection-start-line="18" selection-start-column="8" selection-end-line="18" selection-end-column="27" />
          <folding>
            <element signature="imports" expanded="true" />
          </folding>
        </state>
      </provider>
    </entry>
    <entry file="file://$PROJECT_DIR$/src/llave.java">
      <provider selected="true" editor-type-id="text-editor">
        <state relative-caret-position="648">
          <caret line="42" column="1" selection-start-line="42" selection-start-column="1" selection-end-line="42" selection-end-column="1" />
        </state>
      </provider>
    </entry>
    <entry file="file://$PROJECT_DIR$/../chupipandiLabProject.tar.gz" />
    <entry file="file://$PROJECT_DIR$/Mega_Proyecto.eml">
      <provider selected="true" editor-type-id="text-editor">
        <state relative-caret-position="0">
          <caret line="0" column="0" selection-start-line="0" selection-start-column="0" selection-end-line="0" selection-end-column="0" />
        </state>
      </provider>
    </entry>
    <entry file="file://$PROJECT_DIR$/Mega_Proyecto.iml">
      <provider selected="true" editor-type-id="text-editor">
        <state relative-caret-position="0">
          <caret line="0" column="0" selection-start-line="0" selection-start-column="0" selection-end-line="0" selection-end-column="0" />
        </state>
      </provider>
    </entry>
    <entry file="file://$PROJECT_DIR$/Mega_Proyecto.userlibraries">
      <provider selected="true" editor-type-id="text-editor">
        <state relative-caret-position="0">
          <caret line="0" column="0" selection-start-line="0" selection-start-column="0" selection-end-line="0" selection-end-column="0" />
        </state>
      </provider>
    </entry>
    <entry file="jar:///usr/lib/jvm/java-1.7.0-openjdk-amd64/jre/lib/rt.jar!/java/util/Arrays.class">
      <provider selected="true" editor-type-id="text-editor">
        <state relative-caret-position="156">
          <caret line="96" column="0" selection-start-line="96" selection-start-column="0" selection-end-line="96" selection-end-column="0" />
        </state>
      </provider>
    </entry>
    <entry file="jar:///usr/lib/jvm/java-1.7.0-openjdk-amd64/jre/lib/rt.jar!/java/util/ComparableTimSort.class">
      <provider selected="true" editor-type-id="text-editor">
        <state relative-caret-position="-1511">
          <caret line="37" column="0" selection-start-line="37" selection-start-column="0" selection-end-line="37" selection-end-column="0" />
        </state>
      </provider>
    </entry>
    <entry file="jar:///usr/lib/jvm/java-1.7.0-openjdk-amd64/jre/lib/rt.jar!/java/lang/Comparable.class">
      <provider selected="true" editor-type-id="text-editor">
        <state relative-caret-position="90">
          <caret line="8" column="8" selection-start-line="8" selection-start-column="8" selection-end-line="8" selection-end-column="8" />
        </state>
      </provider>
    </entry>
    <entry file="jar:///usr/lib/jvm/java-1.7.0-openjdk-amd64/jre/lib/rt.jar!/java/util/Collections.class">
      <provider selected="true" editor-type-id="text-editor">
        <state relative-caret-position="234">
          <caret line="55" column="0" selection-start-line="55" selection-start-column="0" selection-end-line="55" selection-end-column="0" />
        </state>
      </provider>
    </entry>
    <entry file="jar:///usr/lib/jvm/java-1.7.0-openjdk-amd64/jre/lib/rt.jar!/java/util/LinkedList.class">
      <provider selected="true" editor-type-id="text-editor">
        <state relative-caret-position="594">
          <caret line="50" column="9" selection-start-line="50" selection-start-column="9" selection-end-line="50" selection-end-column="9" />
        </state>
      </provider>
    </entry>
    <entry file="file://$PROJECT_DIR$/src/roomVisited.java" />
    <entry file="file://$PROJECT_DIR$/src/Stack.java">
      <provider selected="true" editor-type-id="text-editor">
        <state relative-caret-position="18">
          <caret line="9" column="13" selection-start-line="9" selection-start-column="13" selection-end-line="9" selection-end-column="13" />
        </state>
      </provider>
    </entry>
    <entry file="jar:///usr/lib/jvm/java-1.7.0-openjdk-amd64/jre/lib/rt.jar!/java/util/Set.class">
      <provider selected="true" editor-type-id="text-editor">
        <state relative-caret-position="108">
          <caret line="10" column="17" selection-start-line="10" selection-start-column="17" selection-end-line="10" selection-end-column="17" />
        </state>
      </provider>
    </entry>
    <entry file="jar:///usr/lib/jvm/java-1.7.0-openjdk-amd64/jre/lib/rt.jar!/java/util/HashMap.class">
      <provider selected="true" editor-type-id="text-editor">
        <state relative-caret-position="265">
          <caret line="802" column="0" selection-start-line="802" selection-start-column="0" selection-end-line="802" selection-end-column="0" />
        </state>
      </provider>
    </entry>
    <entry file="file://$PROJECT_DIR$/src/DatoMapeo.java">
      <provider selected="true" editor-type-id="text-editor">
        <state relative-caret-position="36">
          <caret line="8" column="13" selection-start-line="8" selection-start-column="13" selection-end-line="8" selection-end-column="13" />
        </state>
      </provider>
    </entry>
    <entry file="file://$PROJECT_DIR$/src/inicio.txt" />
    <entry file="jar:///usr/lib/jvm/java-1.7.0-openjdk-amd64/jre/lib/rt.jar!/java/lang/Throwable.class">
      <provider selected="true" editor-type-id="text-editor">
        <state relative-caret-position="129">
          <caret line="82" column="18" selection-start-line="82" selection-start-column="18" selection-end-line="82" selection-end-column="18" />
        </state>
      </provider>
    </entry>
    <entry file="jar:///usr/lib/jvm/java-1.7.0-openjdk-amd64/jre/lib/rt.jar!/java/util/ArrayList.class">
      <provider selected="true" editor-type-id="text-editor">
        <state relative-caret-position="105">
          <caret line="109" column="0" selection-start-line="109" selection-start-column="0" selection-end-line="109" selection-end-column="0" />
        </state>
      </provider>
    </entry>
    <entry file="file://$PROJECT_DIR$/src/Grafo.java">
      <provider selected="true" editor-type-id="text-editor">
        <state relative-caret-position="4032">
          <caret line="228" column="0" selection-start-line="228" selection-start-column="0" selection-end-line="228" selection-end-column="0" />
        </state>
      </provider>
    </entry>
    <entry file="file://$PROJECT_DIR$/src/FicheroCarga.java">
      <provider selected="true" editor-type-id="text-editor">
        <state relative-caret-position="666">
          <caret line="45" column="0" selection-start-line="45" selection-start-column="0" selection-end-line="45" selection-end-column="0" />
        </state>
      </provider>
    </entry>
    <entry file="file://$PROJECT_DIR$/src/Test/personajeTest.java" />
    <entry file="file://$PROJECT_DIR$/src/Test/DoorTest.java" />
    <entry file="file://$PROJECT_DIR$/src/Test/MapaTest.java" />
    <entry file="file://$PROJECT_DIR$/src/Test/llaveTest.java" />
    <entry file="file://$PROJECT_DIR$/src/Arbol.java">
      <provider selected="true" editor-type-id="text-editor">
        <state relative-caret-position="-28">
          <caret line="303" column="50" selection-start-line="303" selection-start-column="50" selection-end-line="303" selection-end-column="50" />
          <folding>
            <element signature="e#1258#1259#0" expanded="true" />
            <element signature="e#1276#1277#0" expanded="true" />
            <element signature="e#1403#1404#0" expanded="true" />
            <element signature="e#1421#1422#0" expanded="true" />
            <element signature="e#1526#1527#0" expanded="true" />
            <element signature="e#1548#1549#0" expanded="true" />
            <element signature="e#1699#1700#0" expanded="true" />
            <element signature="e#1720#1721#0" expanded="true" />
          </folding>
        </state>
      </provider>
    </entry>
    <entry file="file://$PROJECT_DIR$/src/Cargador.java">
      <provider selected="true" editor-type-id="text-editor">
        <state relative-caret-position="-942">
          <caret line="144" column="0" selection-start-line="144" selection-start-column="0" selection-end-line="144" selection-end-column="0" />
          <folding />
        </state>
      </provider>
    </entry>
    <entry file="file://$PROJECT_DIR$/src/ClasePrincipal.java">
      <provider selected="true" editor-type-id="text-editor">
        <state relative-caret-position="378">
          <caret line="29" column="109" selection-start-line="29" selection-start-column="109" selection-end-line="29" selection-end-column="109" />
        </state>
      </provider>
    </entry>
    <entry file="file://$PROJECT_DIR$/src/Cola.java">
      <provider selected="true" editor-type-id="text-editor">
        <state relative-caret-position="557">
          <caret line="79" column="24" selection-start-line="79" selection-start-column="24" selection-end-line="79" selection-end-column="24" />
          <folding />
        </state>
      </provider>
    </entry>
    <entry file="file://$PROJECT_DIR$/src/GenAleatorios.java">
      <provider selected="true" editor-type-id="text-editor">
        <state relative-caret-position="197">
          <caret line="12" column="28" selection-start-line="12" selection-start-column="28" selection-end-line="12" selection-end-column="28" />
        </state>
      </provider>
    </entry>
    <entry file="file://$PROJECT_DIR$/src/Lannister.java">
      <provider selected="true" editor-type-id="text-editor">
        <state relative-caret-position="-78">
          <caret line="104" column="32" selection-start-line="104" selection-start-column="32" selection-end-line="104" selection-end-column="32" />
          <folding />
        </state>
      </provider>
    </entry>
    <entry file="file://$PROJECT_DIR$/src/List.java">
      <provider selected="true" editor-type-id="text-editor">
        <state relative-caret-position="1322">
          <caret line="169" column="16" selection-start-line="169" selection-start-column="16" selection-end-line="169" selection-end-column="16" />
        </state>
      </provider>
    </entry>
    <entry file="file://$PROJECT_DIR$/src/llave.java">
      <provider selected="true" editor-type-id="text-editor">
        <state relative-caret-position="-370">
          <caret line="4" column="15" selection-start-line="4" selection-start-column="15" selection-end-line="4" selection-end-column="15" />
          <folding />
        </state>
      </provider>
    </entry>
    <entry file="file://$PROJECT_DIR$/src/personaje.java">
      <provider selected="true" editor-type-id="text-editor">
        <state relative-caret-position="-474">
          <caret line="149" column="82" selection-start-line="149" selection-start-column="82" selection-end-line="149" selection-end-column="82" />
          <folding>
            <element signature="imports" expanded="true" />
          </folding>
        </state>
      </provider>
    </entry>
    <entry file="file://$PROJECT_DIR$/src/Room.java">
      <provider selected="true" editor-type-id="text-editor">
        <state relative-caret-position="192">
          <caret line="208" column="4" selection-start-line="208" selection-start-column="4" selection-end-line="208" selection-end-column="4" />
          <folding />
        </state>
      </provider>
    </entry>
    <entry file="file://$PROJECT_DIR$/src/route_Gestion.java" />
    <entry file="file://$PROJECT_DIR$/src/Mapa.java">
      <provider selected="true" editor-type-id="text-editor">
        <state relative-caret-position="93">
          <caret line="39" column="20" selection-start-line="39" selection-start-column="20" selection-end-line="39" selection-end-column="20" />
          <folding />
        </state>
      </provider>
    </entry>
    <entry file="file://$PROJECT_DIR$/src/Stark.java">
      <provider selected="true" editor-type-id="text-editor">
        <state relative-caret-position="12">
          <caret line="82" column="64" selection-start-line="82" selection-start-column="64" selection-end-line="82" selection-end-column="64" />
          <folding />
        </state>
      </provider>
    </entry>
    <entry file="file://$PROJECT_DIR$/src/Targaryen.java">
      <provider selected="true" editor-type-id="text-editor">
        <state relative-caret-position="-1442">
          <caret line="35" column="76" selection-start-line="35" selection-start-column="76" selection-end-line="35" selection-end-column="76" />
          <folding />
        </state>
      </provider>
    </entry>
    <entry file="file://$PROJECT_DIR$/src/wall_Gestion.java">
      <provider selected="true" editor-type-id="text-editor">
        <state relative-caret-position="-474">
          <caret line="155" column="38" selection-start-line="155" selection-start-column="38" selection-end-line="155" selection-end-column="38" />
          <folding />
        </state>
      </provider>
    </entry>
    <entry file="file://$PROJECT_DIR$/src/Door.java">
      <provider selected="true" editor-type-id="text-editor">
        <state relative-caret-position="800">
          <caret line="95" column="18" selection-start-line="95" selection-start-column="18" selection-end-line="95" selection-end-column="18" />
          <folding />
        </state>
      </provider>
    </entry>
    <entry file="file://$PROJECT_DIR$/src/WhiteWalkers.java">
      <provider selected="true" editor-type-id="text-editor">
        <state relative-caret-position="18">
          <caret line="85" column="58" selection-start-line="85" selection-start-column="58" selection-end-line="85" selection-end-column="58" />
          <folding />
        </state>
      </provider>
    </entry>
    <entry file="file://$PROJECT_DIR$/tests/DoorTest.java">
      <provider selected="true" editor-type-id="text-editor">
        <state relative-caret-position="414">
          <caret line="33" column="25" selection-start-line="33" selection-start-column="25" selection-end-line="33" selection-end-column="25" />
          <folding />
        </state>
      </provider>
    </entry>
  </component>
  <component name="masterDetails">
    <states>
      <state key="ArtifactsStructureConfigurable.UI">
        <settings>
          <artifact-editor />
          <last-edited>Mega_Proyecto:jar</last-edited>
          <splitter-proportions>
            <option name="proportions">
              <list>
                <option value="0.2" />
                <option value="0.5" />
              </list>
            </option>
          </splitter-proportions>
        </settings>
      </state>
      <state key="FacetStructureConfigurable.UI">
        <settings>
          <last-edited>No facets are configured</last-edited>
          <splitter-proportions>
            <option name="proportions">
              <list>
                <option value="0.2" />
              </list>
            </option>
          </splitter-proportions>
        </settings>
      </state>
      <state key="GlobalLibrariesConfigurable.UI">
        <settings>
          <splitter-proportions>
            <option name="proportions">
              <list>
                <option value="0.2" />
              </list>
            </option>
          </splitter-proportions>
        </settings>
      </state>
      <state key="JdkListConfigurable.UI">
        <settings>
          <last-edited>1.7</last-edited>
          <splitter-proportions>
            <option name="proportions">
              <list>
                <option value="0.2" />
              </list>
            </option>
          </splitter-proportions>
        </settings>
      </state>
      <state key="ModuleStructureConfigurable.UI">
        <settings>
          <last-edited>Mega_Proyecto</last-edited>
          <splitter-proportions>
            <option name="proportions">
              <list>
                <option value="0.2" />
                <option value="0.6" />
              </list>
            </option>
          </splitter-proportions>
        </settings>
      </state>
      <state key="ProjectLibrariesConfigurable.UI">
        <settings>
          <splitter-proportions>
            <option name="proportions">
              <list>
                <option value="0.2" />
              </list>
            </option>
          </splitter-proportions>
        </settings>
      </state>
    </states>
  </component>
</project>